{"cameraMode":{"drawMode":0,"name":"Shaded","section":"Shading Mode"},"sceneLighting":true,"audioPlay":false,"sceneViewState":{"showFog":true,"showMaterialUpdate":false,"showSkybox":true,"showFlares":true,"showImageEffects":true,"showParticleSystems":true},"in2DMode":false,"pivot":{"x":0.3965473175048828,"y":0.85791015625,"z":1.1243896484375},"rotation":{"x":0.6272352933883667,"y":-0.004199150018393993,"z":0.0033908425830304624,"w":0.778826892375946},"size":2.607774019241333,"orthographic":true}